[
    {
        "src": "https://cdn.biihappy.com/ziiweb/website/65865cbb4f23736e3c0dae94/galleries/661c97d5a18be0ef010f1b3c/small.jpg",
        "thumb": "https://cdn.biihappy.com/ziiweb/website/65865cbb4f23736e3c0dae94/galleries/661c97d5a18be0ef010f1b3c/small.jpg",
        "subHtml": "<div class='lg-sub-html'><h4></h4></div>"
    },
    {
        "src": "https://cdn.biihappy.com/ziiweb/website/65865cbb4f23736e3c0dae94/galleries/661c97ca0768e1d21006d6a7/small.jpg",
        "thumb": "https://cdn.biihappy.com/ziiweb/website/65865cbb4f23736e3c0dae94/galleries/661c97ca0768e1d21006d6a7/small.jpg",
        "subHtml": "<div class='lg-sub-html'><h4></h4></div>"
    },
    {
        "src": "https://cdn.biihappy.com/ziiweb/website/65865cbb4f23736e3c0dae94/galleries/661c97d5a18be0ef010f1b3c/small.jpg",
        "thumb": "https://cdn.biihappy.com/ziiweb/website/65865cbb4f23736e3c0dae94/galleries/661c97d5a18be0ef010f1b3c/small.jpg",
        "subHtml": "<div class='lg-sub-html'><h4></h4></div>"
    },
    {
        "src": "https://cdn.biihappy.com/ziiweb/website/65865cbb4f23736e3c0dae94/galleries/661c97d5a18be0ef010f1b3c/small.jpg",
        "thumb": "https://cdn.biihappy.com/ziiweb/website/65865cbb4f23736e3c0dae94/galleries/661c97d5a18be0ef010f1b3c/small.jpg",
        "subHtml": "<div class='lg-sub-html'><h4></h4></div>"
    }
   
]