[
    {
        "image":"./assets/imgs/f731f9644daae38220273caa597178a8.jpeg",
        "position":"Chú rể",
        "name":"Văn Toàn",
        "father":"Nguyễn Văn Chánh",
        "mother":"Trần Thị Hai",
        "description":"Chàng trai đến từ vùng đất Tiền Giang thân yêu, nơi từng vang danh những chiến công lịch sử"
    },
    {
        "image":"./assets/imgs/f731f9644daae38220273caa597178a8.jpeg",
        "position":"Cô dâu",
        "name":"Nhã Trân",
        "father":"NGUYỄN VĂN KHANH",
        "mother":"NGUYỄN THỊ TUYẾT SƯƠNG",
        "description":"Nàng đến từ vùng đất trù phú thanh long mang tên Châu Thành - Long An"
    }
]