[
    {
        "title":"Tiệc cưới nhà nữ",
        "date":"2024-06-01",
        "time":"11:30",
        "address":"Chợ Thanh Phú Long, DT827A, Xã Thanh Phú Long, Huyện Châu Thành, Tỉnh Long An",
        "mapLink":"#",
        "image":"https://cdn.biihappy.com/ziiweb/default/website/0ea5ba9f2cbe132b3fe488103eb61817.png"
    },
    {
        "title":"Tiệc cưới nhà nam",
        "date":"2024-06-02",
        "time":"12:00",
        "address":"ấp Mỹ Long xã Thiện Trí Huyện Cái Bè tỉnh Tiền Giang",
        "mapLink":"#",
        "image":"https://cdn.biihappy.com/ziiweb/default/website/0ea5ba9f2cbe132b3fe488103eb61817.png"
    }
]